collection,pmcid,pmc_live_date,pubyear,journal,publisher,license_url,license_text
IEEE,PMC8118690,2021/05/18,2021,IEEE Open J Eng Med Biol,IEEE,https://creativecommons.org/licenses/by/4.0/,"This work is licensed under a Creative Commons Attribution 4.0 License. For more information, see  https://creativecommons.org/licenses/by/4.0/ uri https://creativecommons.org/licenses/by/4.0/"
IEEE,PMC8118689,2021/05/18,2021,IEEE Open J Eng Med Biol,IEEE,https://creativecommons.org/licenses/by/4.0/,"This work is licensed under a Creative Commons Attribution 4.0 License. For more information, see  https://creativecommons.org/licenses/by/4.0/ uri https://creativecommons.org/licenses/by/4.0/"
IEEE,PMC8118688,2021/05/18,2021,IEEE Open J Eng Med Biol,IEEE,https://creativecommons.org/licenses/by/4.0/,"This work is licensed under a Creative Commons Attribution 4.0 License. For more information, see  https://creativecommons.org/licenses/by/4.0/ uri https://creativecommons.org/licenses/by/4.0/"
IEEE,PMC8112671,2021/05/18,2021,IEEE Pulse,IEEE,NA,NA
IEEE,PMC8112670,2021/05/18,2021,IEEE Open J Eng Med Biol,IEEE,https://creativecommons.org/licenses/by/4.0/,"This work is licensed under a Creative Commons Attribution 4.0 License. For more information, see  https://creativecommons.org/licenses/by/4.0/ uri https://creativecommons.org/licenses/by/4.0/"
IEEE,PMC8112669,2021/05/18,2021,IEEE Open J Eng Med Biol,IEEE,https://creativecommons.org/licenses/by/4.0/,"This work is licensed under a Creative Commons Attribution 4.0 License. For more information, see  https://creativecommons.org/licenses/by/4.0/ uri https://creativecommons.org/licenses/by/4.0/"
IEEE,PMC8112667,2021/05/18,2021,IEEE Open J Eng Med Biol,IEEE,https://creativecommons.org/licenses/by/4.0/,"This work is licensed under a Creative Commons Attribution 4.0 License. For more information, see  https://creativecommons.org/licenses/by/4.0/ uri https://creativecommons.org/licenses/by/4.0/"
IEEE,PMC8104253,2021/05/10,2020,IEEE Trans Reliab,IEEE,NA,NA
IEEE,PMC8098810,2021/05/10,2020,IEEE Access,IEEE,https://creativecommons.org/licenses/by/4.0/,"This work is licensed under a Creative Commons Attribution 4.0 License. For more information, see  https://creativecommons.org/licenses/by/4.0/ uri https://creativecommons.org/licenses/by/4.0/"
IEEE,PMC8051310,2021/04/28,2020,IEEE Access,IEEE,https://creativecommons.org/licenses/by/4.0/,"This work is licensed under a Creative Commons Attribution 4.0 License. For more information, see  https://creativecommons.org/licenses/by/4.0/ uri https://creativecommons.org/licenses/by/4.0/"
IEEE,PMC8051309,2021/04/28,2020,IEEE Trans Eng Manag,IEEE,NA,NA
IEEE,PMC8051308,2021/04/28,2020,IEEE Trans Med Imaging,IEEE,NA,NA
IEEE,PMC8043565,2021/04/28,2020,IEEE Access,IEEE,https://creativecommons.org/licenses/by/4.0/,"This work is licensed under a Creative Commons Attribution 4.0 License. For more information, see  https://creativecommons.org/licenses/by/4.0/ uri https://creativecommons.org/licenses/by/4.0/"
IEEE,PMC8043509,2021/04/28,2020,IEEE Access,IEEE,https://creativecommons.org/licenses/by/4.0/,"This work is licensed under a Creative Commons Attribution 4.0 License. For more information, see  https://creativecommons.org/licenses/by/4.0/ uri https://creativecommons.org/licenses/by/4.0/"
IEEE,PMC8043507,2021/04/28,2020,IEEE Access,IEEE,https://creativecommons.org/licenses/by/4.0/,"This work is licensed under a Creative Commons Attribution 4.0 License. For more information, see  https://creativecommons.org/licenses/by/4.0/ uri https://creativecommons.org/licenses/by/4.0/"
IEEE,PMC8043506,2021/04/28,2020,IEEE Access,IEEE,https://creativecommons.org/licenses/by/4.0/,"This work is licensed under a Creative Commons Attribution 4.0 License. For more information, see  https://creativecommons.org/licenses/by/4.0/ uri https://creativecommons.org/licenses/by/4.0/"
IEEE,PMC8043505,2021/04/28,2020,IEEE Access,IEEE,https://creativecommons.org/licenses/by/4.0/,"This work is licensed under a Creative Commons Attribution 4.0 License. For more information, see  https://creativecommons.org/licenses/by/4.0/ uri https://creativecommons.org/licenses/by/4.0/"
IEEE,PMC8043504,2021/04/28,2020,IEEE Access,IEEE,https://creativecommons.org/licenses/by/4.0/,"This work is licensed under a Creative Commons Attribution 4.0 License. For more information, see  https://creativecommons.org/licenses/by/4.0/ uri https://creativecommons.org/licenses/by/4.0/"
IEEE,PMC8043503,2021/04/28,2020,IEEE Access,IEEE,https://creativecommons.org/licenses/by/4.0/,"This work is licensed under a Creative Commons Attribution 4.0 License. For more information, see  https://creativecommons.org/licenses/by/4.0/ uri https://creativecommons.org/licenses/by/4.0/"
IEEE,PMC8043502,2021/04/28,2020,IEEE Access,IEEE,https://creativecommons.org/licenses/by/4.0/,"This work is licensed under a Creative Commons Attribution 4.0 License. For more information, see  https://creativecommons.org/licenses/by/4.0/ uri https://creativecommons.org/licenses/by/4.0/"
IEEE,PMC8043501,2021/04/28,2020,IEEE Access,IEEE,https://creativecommons.org/licenses/by/4.0/,"This work is licensed under a Creative Commons Attribution 4.0 License. For more information, see  https://creativecommons.org/licenses/by/4.0/ uri https://creativecommons.org/licenses/by/4.0/"
IEEE,PMC8043500,2021/04/28,2020,IEEE Access,IEEE,https://creativecommons.org/licenses/by/4.0/,"This work is licensed under a Creative Commons Attribution 4.0 License. For more information, see  https://creativecommons.org/licenses/by/4.0/ uri https://creativecommons.org/licenses/by/4.0/"
IEEE,PMC8043499,2021/04/28,2020,IEEE Access,IEEE,https://creativecommons.org/licenses/by/4.0/,"This work is licensed under a Creative Commons Attribution 4.0 License. For more information, see  https://creativecommons.org/licenses/by/4.0/ uri https://creativecommons.org/licenses/by/4.0/"
IEEE,PMC8043498,2021/04/28,2020,IEEE Access,IEEE,https://creativecommons.org/licenses/by/4.0/,"This work is licensed under a Creative Commons Attribution 4.0 License. For more information, see  https://creativecommons.org/licenses/by/4.0/ uri https://creativecommons.org/licenses/by/4.0/"
IEEE,PMC8043497,2021/04/28,2020,IEEE Access,IEEE,https://creativecommons.org/licenses/by/4.0/,"This work is licensed under a Creative Commons Attribution 4.0 License. For more information, see  https://creativecommons.org/licenses/by/4.0/ uri https://creativecommons.org/licenses/by/4.0/"
IEEE,PMC8043496,2021/04/28,2020,IEEE Robot Autom Lett,IEEE,NA,NA
IEEE,PMC8043495,2021/04/28,2020,IEEE Access,IEEE,https://creativecommons.org/licenses/by/4.0/,"This work is licensed under a Creative Commons Attribution 4.0 License. For more information, see  https://creativecommons.org/licenses/by/4.0/ uri https://creativecommons.org/licenses/by/4.0/"
IEEE,PMC8043494,2021/04/28,2020,IEEE Access,IEEE,https://creativecommons.org/licenses/by/4.0/,"This work is licensed under a Creative Commons Attribution 4.0 License. For more information, see  https://creativecommons.org/licenses/by/4.0/ uri https://creativecommons.org/licenses/by/4.0/"
IEEE,PMC8043493,2021/04/28,2020,IEEE Access,IEEE,https://creativecommons.org/licenses/by/4.0/,"This work is licensed under a Creative Commons Attribution 4.0 License. For more information, see  https://creativecommons.org/licenses/by/4.0/ uri https://creativecommons.org/licenses/by/4.0/"
IEEE,PMC8043492,2021/04/28,2020,IEEE Open J Eng Med Biol,IEEE,https://creativecommons.org/licenses/by/4.0/,"This work is licensed under a Creative Commons Attribution 4.0 License. For more information, see  https://creativecommons.org/licenses/by/4.0/ uri https://creativecommons.org/licenses/by/4.0/"
IEEE,PMC8043491,2021/04/28,2020,IEEE Trans Radiat Plasma Med Sci,IEEE,https://creativecommons.org/licenses/by/4.0/,"This work is licensed under a Creative Commons Attribution 4.0 License. For more information, see  https://creativecommons.org/licenses/by/4.0/ uri https://creativecommons.org/licenses/by/4.0/"
IEEE,PMC8043425,2021/04/28,2020,IEEE Open J Eng Med Biol,IEEE,https://creativecommons.org/licenses/by/4.0/,"This work is licensed under a Creative Commons Attribution 4.0 License. For more information, see  https://creativecommons.org/licenses/by/4.0/ uri https://creativecommons.org/licenses/by/4.0/"
IEEE,PMC8043420,2021/04/28,2020,IEEE Access,IEEE,https://creativecommons.org/licenses/by/4.0/,"This work is licensed under a Creative Commons Attribution 4.0 License. For more information, see  https://creativecommons.org/licenses/by/4.0/ uri https://creativecommons.org/licenses/by/4.0/"
IEEE,PMC8023427,2021/04/09,2020,IEEE Open J Eng Med Biol,IEEE,https://creativecommons.org/licenses/by/4.0/,"This work is licensed under a Creative Commons Attribution 4.0 License. For more information, see  https://creativecommons.org/licenses/by/4.0/ uri https://creativecommons.org/licenses/by/4.0/"
IEEE,PMC7394290,2020/07/31,2020,IEEE Access,IEEE,https://creativecommons.org/licenses/by/4.0/,"This work is licensed under a Creative Commons Attribution 4.0 License. For more information, see  https://creativecommons.org/licenses/by/4.0/ uri https://creativecommons.org/licenses/by/4.0/"
IEEE,PMC7250066,2020/06/08,2020,IEEE J Transl Eng Health Med,IEEE,https://creativecommons.org/licenses/by/4.0/,"This work is licensed under a Creative Commons Attribution 4.0
License. For more information, see  https://creativecommons.org/licenses/by/4.0/ uri https://creativecommons.org/licenses/by/4.0/"
IEEE,PMC7176027,2020/05/07,2020,IEEE Access,IEEE,https://creativecommons.org/licenses/by/4.0/,"This work is licensed under a Creative Commons Attribution 4.0 License. For more information, see  https://creativecommons.org/licenses/by/4.0/ uri https://creativecommons.org/licenses/by/4.0/"
IEEE,PMC7176026,2020/05/07,2020,IEEE Access,IEEE,https://creativecommons.org/licenses/by/4.0/,"This work is licensed under a Creative Commons Attribution 4.0 License. For more information, see  https://creativecommons.org/licenses/by/4.0/ uri https://creativecommons.org/licenses/by/4.0/"
IEEE,PMC7176037,2020/05/07,2020,IEEE Access,IEEE,https://creativecommons.org/licenses/by/4.0/,"This work is licensed under a Creative Commons Attribution 4.0 License. For more information, see  https://creativecommons.org/licenses/by/4.0/ uri https://creativecommons.org/licenses/by/4.0/"
IEEE,PMC7186030,2020/05/07,2019,IEEE Trans Med Imaging,IEEE,https://creativecommons.org/licenses/by/4.0/,"This work is licensed under a Creative Commons Attribution 4.0 License. For more information, see  https://creativecommons.org/licenses/by/4.0/ uri https://creativecommons.org/licenses/by/4.0/"
IEEE,PMC7176039,2020/05/07,2019,IEEE Access,IEEE,https://creativecommons.org/licenses/by/4.0/,"This work is licensed under a Creative Commons Attribution 4.0 License. For more information, see  https://creativecommons.org/licenses/by/4.0/ uri https://creativecommons.org/licenses/by/4.0/"
IEEE,PMC6947666,2020/05/07,2019,IEEE Trans Biomed Eng,IEEE,https://creativecommons.org/licenses/by/4.0/,"This work is licensed under a Creative Commons Attribution 4.0 License. For more information, see  https://creativecommons.org/licenses/by/4.0/ uri https://creativecommons.org/licenses/by/4.0/"
IEEE,PMC7176036,2020/05/07,2019,IEEE Trans Comput Soc Syst,IEEE,https://creativecommons.org/licenses/by/4.0/,"This work is licensed under a Creative Commons Attribution 4.0 License. For more information, see  https://creativecommons.org/licenses/by/4.0/ uri https://creativecommons.org/licenses/by/4.0/"
IEEE,PMC7309220,2020/06/25,2019,IEEE Access,IEEE,https://creativecommons.org/licenses/by/4.0/,"This work is licensed under a Creative Commons Attribution 4.0 License. For more information, see  https://creativecommons.org/licenses/by/4.0/ uri https://creativecommons.org/licenses/by/4.0/"
IEEE,PMC7176034,2020/05/07,2018,IEEE Access,IEEE,https://creativecommons.org/licenses/by/4.0/,"This work is licensed under a Creative Commons Attribution 4.0 License. For more information, see  https://creativecommons.org/licenses/by/4.0/ uri https://creativecommons.org/licenses/by/4.0/"
IEEE,PMC7176038,2020/05/07,2018,IEEE Trans Control Syst Technol,IEEE,https://creativecommons.org/licenses/by/4.0/,"This work is licensed under a Creative Commons Attribution 4.0 License. For more information, see  https://creativecommons.org/licenses/by/4.0/ uri https://creativecommons.org/licenses/by/4.0/"
IEEE,PMC7309325,2020/06/25,2018,IEEE J Biomed Health Inform,IEEE,https://creativecommons.org/licenses/by/4.0/,"This work is licensed under a Creative Commons Attribution 4.0 License. For more information, see  https://creativecommons.org/licenses/by/4.0/ uri https://creativecommons.org/licenses/by/4.0/"
IEEE,PMC7176033,2020/05/07,2018,IEEE Access,IEEE,https://creativecommons.org/licenses/by/4.0/,"This work is licensed under a Creative Commons Attribution 4.0 License. For more information, see  https://creativecommons.org/licenses/by/4.0/ uri https://creativecommons.org/licenses/by/4.0/"
IEEE,PMC7186039,2020/05/07,2018,IEEE Sens J,IEEE,https://creativecommons.org/licenses/by/4.0/,"This work is licensed under a Creative Commons Attribution 4.0 License. For more information, see  https://creativecommons.org/licenses/by/4.0/ uri https://creativecommons.org/licenses/by/4.0/"
IEEE,PMC7176041,2020/05/07,2018,IEEE Trans Comput Soc Syst,IEEE,https://creativecommons.org/licenses/by/4.0/,"This work is licensed under a Creative Commons Attribution 4.0 License. For more information, see  https://creativecommons.org/licenses/by/4.0/ uri https://creativecommons.org/licenses/by/4.0/"
IEEE,PMC7309295,2020/06/25,2017,IEEE Trans Netw Sci Eng,IEEE,https://creativecommons.org/licenses/by/4.0/,"This work is licensed under a Creative Commons Attribution 4.0 License. For more information, see  https://creativecommons.org/licenses/by/4.0/ uri https://creativecommons.org/licenses/by/4.0/"
IEEE,PMC7186043,2020/05/07,2017,IEEE/ACM Trans Comput Biol Bioinform,IEEE,https://creativecommons.org/licenses/by/4.0/,"This work is licensed under a Creative Commons Attribution 4.0 License. For more information, see  https://creativecommons.org/licenses/by/4.0/ uri https://creativecommons.org/licenses/by/4.0/"
IEEE,PMC7309273,2020/07/10,2016,IEEE Access,IEEE,https://creativecommons.org/licenses/by/4.0/,"This work is licensed under a Creative Commons Attribution 4.0 License. For more information, see  https://creativecommons.org/licenses/by/4.0/ uri https://creativecommons.org/licenses/by/4.0/"
IEEE,PMC4890616,2017/05/01,2016,IEEE Trans Med Imaging,IEEE,https://creativecommons.org/licenses/by/4.0/,"This work is licensed under a Creative Commons Attribution 4.0 License. For more information, see  https://creativecommons.org/licenses/by/4.0/ uri https://creativecommons.org/licenses/by/4.0/"
IEEE,PMC7186042,2020/07/10,2016,IEEE Trans Biomed Eng,IEEE,NA,NA
IEEE,PMC7186038,2020/07/10,2015,IEEE Trans Cybern,IEEE,NA,NA
IEEE,PMC7186041,2020/07/10,2015,IEEE Trans Syst Man Cybern Syst,IEEE,NA,NA
IEEE,PMC7186034,2020/07/10,2015,IEEE Trans Biomed Eng,IEEE,NA,NA
IEEE,PMC7309366,2020/07/10,2015,IEEE Trans Biomed Eng,IEEE,NA,NA
IEEE,PMC7176471,2020/05/07,2015,IEEE Trans Nanobioscience,IEEE,https://creativecommons.org/licenses/by/4.0/,"This work is licensed under a Creative Commons Attribution 4.0 License. For more information, see  https://creativecommons.org/licenses/by/4.0/ uri https://creativecommons.org/licenses/by/4.0/"
IEEE,PMC7186037,2020/07/10,2015,Proc IEEE Inst Electr Electron Eng,IEEE,NA,NA
IEEE,PMC7186040,2020/07/10,2014,IEEE J Biomed Health Inform,IEEE,NA,NA
IEEE,PMC7176476,2020/05/07,2014,IEEE Trans Biomed Eng,IEEE,https://creativecommons.org/licenses/by/4.0/,"This work is licensed under a Creative Commons Attribution 4.0 License. For more information, see  https://creativecommons.org/licenses/by/4.0/ uri https://creativecommons.org/licenses/by/4.0/"
IEEE,PMC7309332,2020/06/25,2013,IEEE Trans Biomed Eng,IEEE,https://creativecommons.org/licenses/by/4.0/,"This work is licensed under a Creative Commons Attribution 4.0 License. For more information, see  https://creativecommons.org/licenses/by/4.0/ uri https://creativecommons.org/licenses/by/4.0/"
IEEE,PMC7176467,2020/05/07,2012,IEEE Trans Med Imaging,IEEE,https://creativecommons.org/licenses/by/4.0/,"This work is licensed under a Creative Commons Attribution 4.0 License. For more information, see  https://creativecommons.org/licenses/by/4.0/ uri https://creativecommons.org/licenses/by/4.0/"
IEEE,PMC3511590,2012/12/01,2012,IEEE Trans Biomed Eng,IEEE,https://creativecommons.org/licenses/by/4.0/,"This work is licensed under a Creative Commons Attribution 4.0 License. For more information, see  https://creativecommons.org/licenses/by/4.0/ uri https://creativecommons.org/licenses/by/4.0/"
IEEE,PMC7176466,2020/05/07,2012,IEEE Trans Med Imaging,IEEE,https://creativecommons.org/licenses/by/4.0/,"This work is licensed under a Creative Commons Attribution 4.0 License. For more information, see  https://creativecommons.org/licenses/by/4.0/ uri https://creativecommons.org/licenses/by/4.0/"
IEEE,PMC7176468,2020/05/07,2011,IEEE Trans Signal Process,IEEE,https://creativecommons.org/licenses/by/4.0/,"This work is licensed under a Creative Commons Attribution 4.0 License. For more information, see  https://creativecommons.org/licenses/by/4.0/ uri https://creativecommons.org/licenses/by/4.0/"
IEEE,PMC7176475,2020/05/07,2011,IEEE Trans Biomed Eng,IEEE,https://creativecommons.org/licenses/by/4.0/,"This work is licensed under a Creative Commons Attribution 4.0 License. For more information, see  https://creativecommons.org/licenses/by/4.0/ uri https://creativecommons.org/licenses/by/4.0/"
IEEE,PMC7186031,2020/05/07,2011,IEEE/ACM Trans Comput Biol Bioinform,IEEE,https://creativecommons.org/licenses/by/4.0/,"This work is licensed under a Creative Commons Attribution 4.0 License. For more information, see  https://creativecommons.org/licenses/by/4.0/ uri https://creativecommons.org/licenses/by/4.0/"
IEEE,PMC7176473,2020/05/07,2011,IEEE Trans Nanotechnol,IEEE,https://creativecommons.org/licenses/by/4.0/,"This work is licensed under a Creative Commons Attribution 4.0 License. For more information, see  https://creativecommons.org/licenses/by/4.0/ uri https://creativecommons.org/licenses/by/4.0/"
IEEE,PMC7192160,2020/05/07,2011,IEEE Trans Biomed Eng,IEEE,https://creativecommons.org/licenses/by/4.0/,"This work is licensed under a Creative Commons Attribution 4.0 License. For more information, see  https://creativecommons.org/licenses/by/4.0/ uri https://creativecommons.org/licenses/by/4.0/"
IEEE,PMC7176469,2020/05/07,2009,IEEE Trans Inf Technol Biomed,IEEE,https://creativecommons.org/licenses/by/4.0/,"This work is licensed under a Creative Commons Attribution 4.0 License. For more information, see  https://creativecommons.org/licenses/by/4.0/ uri https://creativecommons.org/licenses/by/4.0/"
IEEE,PMC7176465,2020/05/07,2009,IEEE Trans Syst Man Cybern A Syst Hum,IEEE,https://creativecommons.org/licenses/by/4.0/,"This work is licensed under a Creative Commons Attribution 4.0 License. For more information, see  https://creativecommons.org/licenses/by/4.0/ uri https://creativecommons.org/licenses/by/4.0/"
IEEE,PMC7176470,2020/05/07,2009,IEEE Trans Inf Technol Biomed,IEEE,https://creativecommons.org/licenses/by/4.0/,"This work is licensed under a Creative Commons Attribution 4.0 License. For more information, see  https://creativecommons.org/licenses/by/4.0/ uri https://creativecommons.org/licenses/by/4.0/"
IEEE,PMC2741407,2009/09/10,2008,IEEE Trans Inf Technol Biomed,IEEE,https://creativecommons.org/licenses/by/4.0/,"This work is licensed under a Creative Commons Attribution 4.0 License. For more information, see  https://creativecommons.org/licenses/by/4.0/ uri https://creativecommons.org/licenses/by/4.0/"
IEEE,PMC7186032,2020/05/07,2007,IEEE Trans Inf Technol Biomed,IEEE,https://creativecommons.org/licenses/by/4.0/,"This work is licensed under a Creative Commons Attribution 4.0 License. For more information, see  https://creativecommons.org/licenses/by/4.0/ uri https://creativecommons.org/licenses/by/4.0/"
IEEE,PMC7186036,2020/05/07,2005,IEEE Trans Inf Technol Biomed,IEEE,https://creativecommons.org/licenses/by/4.0/,"This work is licensed under a Creative Commons Attribution 4.0 License. For more information, see  https://creativecommons.org/licenses/by/4.0/ uri https://creativecommons.org/licenses/by/4.0/"
IEEE,PMC7186035,2020/05/07,2002,IEEE Trans Inf Technol Biomed,IEEE,https://creativecommons.org/licenses/by/4.0/,"This work is licensed under a Creative Commons Attribution 4.0 License. For more information, see  https://creativecommons.org/licenses/by/4.0/ uri https://creativecommons.org/licenses/by/4.0/"
