collection,pmcid,pmc_live_date,pubyear,journal,publisher,license_url,license_text
IEEE,PMC7192160,2020/05/07,2011,IEEE Trans Biomed Eng,IEEE,https://creativecommons.org/licenses/by/4.0/,"This work is licensed under a Creative Commons Attribution 4.0 License. For more information, see  https://creativecommons.org/licenses/by/4.0/ uri https://creativecommons.org/licenses/by/4.0/"
IEEE,PMC7186043,2020/05/07,2017,IEEE/ACM Trans Comput Biol Bioinform,IEEE,https://creativecommons.org/licenses/by/4.0/,"This work is licensed under a Creative Commons Attribution 4.0 License. For more information, see  https://creativecommons.org/licenses/by/4.0/ uri https://creativecommons.org/licenses/by/4.0/"
IEEE,PMC7186035,2020/05/07,2002,IEEE Trans Inf Technol Biomed,IEEE,https://creativecommons.org/licenses/by/4.0/,"This work is licensed under a Creative Commons Attribution 4.0 License. For more information, see  https://creativecommons.org/licenses/by/4.0/ uri https://creativecommons.org/licenses/by/4.0/"
IEEE,PMC7186031,2020/05/07,2011,IEEE/ACM Trans Comput Biol Bioinform,IEEE,https://creativecommons.org/licenses/by/4.0/,"This work is licensed under a Creative Commons Attribution 4.0 License. For more information, see  https://creativecommons.org/licenses/by/4.0/ uri https://creativecommons.org/licenses/by/4.0/"
IEEE,PMC7186030,2020/05/07,2019,IEEE Trans Med Imaging,IEEE,https://creativecommons.org/licenses/by/4.0/,"This work is licensed under a Creative Commons Attribution 4.0 License. For more information, see  https://creativecommons.org/licenses/by/4.0/ uri https://creativecommons.org/licenses/by/4.0/"
IEEE,PMC7176471,2020/05/07,2015,IEEE Trans Nanobioscience,IEEE,https://creativecommons.org/licenses/by/4.0/,"This work is licensed under a Creative Commons Attribution 4.0 License. For more information, see  https://creativecommons.org/licenses/by/4.0/ uri https://creativecommons.org/licenses/by/4.0/"
IEEE,PMC7176470,2020/05/07,2009,IEEE Trans Inf Technol Biomed,IEEE,https://creativecommons.org/licenses/by/4.0/,"This work is licensed under a Creative Commons Attribution 4.0 License. For more information, see  https://creativecommons.org/licenses/by/4.0/ uri https://creativecommons.org/licenses/by/4.0/"
IEEE,PMC7176468,2020/05/07,2011,IEEE Trans Signal Process,IEEE,https://creativecommons.org/licenses/by/4.0/,"This work is licensed under a Creative Commons Attribution 4.0 License. For more information, see  https://creativecommons.org/licenses/by/4.0/ uri https://creativecommons.org/licenses/by/4.0/"
IEEE,PMC7176467,2020/05/07,2012,IEEE Trans Med Imaging,IEEE,https://creativecommons.org/licenses/by/4.0/,"This work is licensed under a Creative Commons Attribution 4.0 License. For more information, see  https://creativecommons.org/licenses/by/4.0/ uri https://creativecommons.org/licenses/by/4.0/"
IEEE,PMC7176465,2020/05/07,2009,IEEE Trans Syst Man Cybern A Syst Hum,IEEE,https://creativecommons.org/licenses/by/4.0/,"This work is licensed under a Creative Commons Attribution 4.0 License. For more information, see  https://creativecommons.org/licenses/by/4.0/ uri https://creativecommons.org/licenses/by/4.0/"
IEEE,PMC7176041,2020/05/07,2018,IEEE Trans Comput Soc Syst,IEEE,https://creativecommons.org/licenses/by/4.0/,"This work is licensed under a Creative Commons Attribution 4.0 License. For more information, see  https://creativecommons.org/licenses/by/4.0/ uri https://creativecommons.org/licenses/by/4.0/"
IEEE,PMC7176039,2020/05/07,2019,IEEE Access,IEEE,https://creativecommons.org/licenses/by/4.0/,"This work is licensed under a Creative Commons Attribution 4.0 License. For more information, see  https://creativecommons.org/licenses/by/4.0/ uri https://creativecommons.org/licenses/by/4.0/"
IEEE,PMC7176034,2020/05/07,2018,IEEE Access,IEEE,https://creativecommons.org/licenses/by/4.0/,"This work is licensed under a Creative Commons Attribution 4.0 License. For more information, see  https://creativecommons.org/licenses/by/4.0/ uri https://creativecommons.org/licenses/by/4.0/"
IEEE,PMC7186039,2020/05/07,2018,IEEE Sens J,IEEE,https://creativecommons.org/licenses/by/4.0/,"This work is licensed under a Creative Commons Attribution 4.0 License. For more information, see  https://creativecommons.org/licenses/by/4.0/ uri https://creativecommons.org/licenses/by/4.0/"
IEEE,PMC7186036,2020/05/07,2005,IEEE Trans Inf Technol Biomed,IEEE,https://creativecommons.org/licenses/by/4.0/,"This work is licensed under a Creative Commons Attribution 4.0 License. For more information, see  https://creativecommons.org/licenses/by/4.0/ uri https://creativecommons.org/licenses/by/4.0/"
IEEE,PMC7186032,2020/05/07,2007,IEEE Trans Inf Technol Biomed,IEEE,https://creativecommons.org/licenses/by/4.0/,"This work is licensed under a Creative Commons Attribution 4.0 License. For more information, see  https://creativecommons.org/licenses/by/4.0/ uri https://creativecommons.org/licenses/by/4.0/"
IEEE,PMC7176476,2020/05/07,2014,IEEE Trans Biomed Eng,IEEE,https://creativecommons.org/licenses/by/4.0/,"This work is licensed under a Creative Commons Attribution 4.0 License. For more information, see  https://creativecommons.org/licenses/by/4.0/ uri https://creativecommons.org/licenses/by/4.0/"
IEEE,PMC7176475,2020/05/07,2011,IEEE Trans Biomed Eng,IEEE,https://creativecommons.org/licenses/by/4.0/,"This work is licensed under a Creative Commons Attribution 4.0 License. For more information, see  https://creativecommons.org/licenses/by/4.0/ uri https://creativecommons.org/licenses/by/4.0/"
IEEE,PMC7176473,2020/05/07,2011,IEEE Trans Nanotechnol,IEEE,https://creativecommons.org/licenses/by/4.0/,"This work is licensed under a Creative Commons Attribution 4.0 License. For more information, see  https://creativecommons.org/licenses/by/4.0/ uri https://creativecommons.org/licenses/by/4.0/"
IEEE,PMC7176469,2020/05/07,2009,IEEE Trans Inf Technol Biomed,IEEE,https://creativecommons.org/licenses/by/4.0/,"This work is licensed under a Creative Commons Attribution 4.0 License. For more information, see  https://creativecommons.org/licenses/by/4.0/ uri https://creativecommons.org/licenses/by/4.0/"
IEEE,PMC7176466,2020/05/07,2012,IEEE Trans Med Imaging,IEEE,https://creativecommons.org/licenses/by/4.0/,"This work is licensed under a Creative Commons Attribution 4.0 License. For more information, see  https://creativecommons.org/licenses/by/4.0/ uri https://creativecommons.org/licenses/by/4.0/"
IEEE,PMC7176038,2020/05/07,2018,IEEE Trans Control Syst Technol,IEEE,https://creativecommons.org/licenses/by/4.0/,"This work is licensed under a Creative Commons Attribution 4.0 License. For more information, see  https://creativecommons.org/licenses/by/4.0/ uri https://creativecommons.org/licenses/by/4.0/"
IEEE,PMC7176037,2020/05/07,2020,IEEE Access,IEEE,https://creativecommons.org/licenses/by/4.0/,"This work is licensed under a Creative Commons Attribution 4.0 License. For more information, see  https://creativecommons.org/licenses/by/4.0/ uri https://creativecommons.org/licenses/by/4.0/"
IEEE,PMC7176036,2020/05/07,2019,IEEE Trans Comput Soc Syst,IEEE,https://creativecommons.org/licenses/by/4.0/,"This work is licensed under a Creative Commons Attribution 4.0 License. For more information, see  https://creativecommons.org/licenses/by/4.0/ uri https://creativecommons.org/licenses/by/4.0/"
IEEE,PMC7176033,2020/05/07,2018,IEEE Access,IEEE,https://creativecommons.org/licenses/by/4.0/,"This work is licensed under a Creative Commons Attribution 4.0 License. For more information, see  https://creativecommons.org/licenses/by/4.0/ uri https://creativecommons.org/licenses/by/4.0/"
IEEE,PMC7176027,2020/05/07,2020,IEEE Access,IEEE,https://creativecommons.org/licenses/by/4.0/,"This work is licensed under a Creative Commons Attribution 4.0 License. For more information, see  https://creativecommons.org/licenses/by/4.0/ uri https://creativecommons.org/licenses/by/4.0/"
IEEE,PMC7176026,2020/05/07,2020,IEEE Access,IEEE,https://creativecommons.org/licenses/by/4.0/,"This work is licensed under a Creative Commons Attribution 4.0 License. For more information, see  https://creativecommons.org/licenses/by/4.0/ uri https://creativecommons.org/licenses/by/4.0/"
IEEE,PMC6947666,2020/05/07,2019,IEEE Trans Biomed Eng,IEEE,https://creativecommons.org/licenses/by/4.0/,"This work is licensed under a Creative Commons Attribution 4.0 License. For more information, see  https://creativecommons.org/licenses/by/4.0/ uri https://creativecommons.org/licenses/by/4.0/"
IEEE,PMC4890616,2017/05/01,2016,IEEE Trans Med Imaging,IEEE,https://creativecommons.org/licenses/by/4.0/,"This work is licensed under a Creative Commons Attribution 4.0 License. For more information, see  https://creativecommons.org/licenses/by/4.0/ uri https://creativecommons.org/licenses/by/4.0/"
IEEE,PMC3511590,2012/12/01,2012,IEEE Trans Biomed Eng,IEEE,https://creativecommons.org/licenses/by/4.0/,"This work is licensed under a Creative Commons Attribution 4.0 License. For more information, see  https://creativecommons.org/licenses/by/4.0/ uri https://creativecommons.org/licenses/by/4.0/"
IEEE,PMC2741407,2009/09/10,2008,IEEE Trans Inf Technol Biomed,IEEE,https://creativecommons.org/licenses/by/4.0/,"This work is licensed under a Creative Commons Attribution 4.0 License. For more information, see  https://creativecommons.org/licenses/by/4.0/ uri https://creativecommons.org/licenses/by/4.0/"
